{"name": "04-厂长资源",
"url": "https://qianoo.cn",
"tihuan": "aliyundrive",
"User": "空",
"shouye":"1",
"fenlei": "电视剧$/dsj/page/#电影$/zuixindianying/page/#番剧$/fanju/page/#动漫$/dm/page/#国产剧$/gcj/page/#美剧$/meijutt/page/#韩剧$/hanjutv/page/",
"houzhui": "",
"shifouercijiequ": "0",
"jiequqian": "空",
"jiequhou": "空",
"jiequshuzuqian": "<li>",
"jiequshuzuhou": "</span>",
"tupianqian": "original=\"",
"tupianhou": "\"",
"biaotiqian": "alt=\"",
"biaotihou": "\"",
"lianjieqian": "qianoo.cn",
"lianjiehou": "\"",
"sousuoqian": "/xssearch?q=",
"sousuohou": "",
"sousuohouzhui": "/movie/",
"ssmoshi": "1",
"sousuoshifouercijiequ": "0",
"jspic": "pic",
"jsname": "name",
"jsid": "id",
"ssjiequqian": "空",
"ssjiequhou": "空",
"ssjiequshuzuqian": "<li>",
"ssjiequshuzuhou": "</span>",
"sstupianqian": "original=\"",
"sstupianhou": "\"",
"ssbiaotiqian": "alt=\"",
"ssbiaotihou": "\"",
"sslianjieqian": "qianoo.cn",
"sslianjiehou": "\"",
"bfshifouercijiequ": "0",
"bfjiequqian": "空",
"bfjiequhou": "空",
"bfjiequshuzuqian": "class=\"paly_list",
"bfjiequshuzuhou": "</div>",
"zhuangtaiqian": "上映：<span>",
"zhuangtaihou": "</span>",
"daoyanqian": "<li>导演：",
"daoyanhou": "</li>",
"zhuyanqian": "<li>主演：",
"zhuyanhou": "</li>",
"juqingqian": "class=\"yp_context\">",
"juqinghou": "</div>",
"bfyshifouercijiequ": "0",
"bfyjiequqian": "空",
"bfyjiequhou": "空",
"bfyjiequshuzuqian": "<a",
"bfyjiequshuzuhou": "/a>",
"bfbiaotiqian": ">",
"bfbiaotihou": "<",
"bflianjieqian": "qianoo.cn",
"bflianjiehou": "\""}