{"name": "乌龟影院",
"url": "https://www.wuguiyy.com",
"tihuan": "cnzz.com",
"User": "空",
"shouye":"1",
"fenlei": "电影$/show/dianying--------#电视剧$/show/lianxuju--------#综艺$/show/zongyi--------#动漫$/show/dongman--------",
"houzhui": "---.html",
"shifouercijiequ": "0",
"jiequqian": "空",
"jiequhou": "空",
"jiequshuzuqian": "class=\"stui-vodlist__box\"",
"jiequshuzuhou": "</span>",
"tupianqian": "data-original=\"",
"tupianhou": "\"",
"biaotiqian": "title=\"",
"biaotihou": "\"",
"lianjieqian": "href=\"",
"lianjiehou": "\"",
"sousuoqian": "/index.php/ajax/suggest?mid=1&wd=",
"sousuohou": "&limit=500",
"sousuohouzhui": "/detail/",
"ssmoshi": "0",
"sousuoshifouercijiequ": "0",
"jspic": "pic",
"jsname": "name",
"jsid": "id",
"ssjiequqian": "空",
"ssjiequhou": "空",
"ssjiequshuzuqian": "空",
"ssjiequshuzuhou": "空",
"sstupianqian": "空",
"sstupianhou": "空",
"ssbiaotiqian": "空",
"ssbiaotihou": "空",
"sslianjieqian": "空",
"sslianjiehou": "空",
"bfshifouercijiequ": "0",
"bfjiequqian": "空",
"bfjiequhou": "空",
"bfjiequshuzuqian": "class=\"stui-content__playlist clearfix",
"bfjiequshuzuhou": "</ul>",
"zhuangtaiqian": "更新：</span>",
"zhuangtaihou": "</p>",
"daoyanqian": "导演：</span>",
"daoyanhou": "</p>",
"zhuyanqian": "主演：</span>",
"zhuyanhou": "</p>",
"juqingqian": "style=\"display: none;\">",
"juqinghou": "</span>",
"bfyshifouercijiequ": "0",
"bfyjiequqian": "空",
"bfyjiequhou": "空",
"bfyjiequshuzuqian": "<a",
"bfyjiequshuzuhou": "/a>",
"bfbiaotiqian": ">",
"bfbiaotihou": "<",
"bflianjieqian": "href=\"",
"bflianjiehou": "\""}