{
"name": "10-影视工厂",
"url": "http://www.ysgc.cc",
"User": "空",
"shouye":"1",
"fenlei": "电视剧$/vodshow/2--------#电影$/vodshow/1--------#综艺$/vodshow/3--------#动漫$/vodshow/4--------#番剧$/vodshow/26--------#国产剧$/vodshow/13--------#港台剧$/vodshow/14--------#日韩剧$/vodshow/15--------#欧美剧$/vodshow/16--------#动作片$/vodshow/1---动作-----#喜剧片$/vodshow/1---喜剧-----#爱情片$/vodshow/1---爱情-----#科幻片$/vodshow/1---科幻-----#恐怖片$/vodshow/1---恐怖-----#剧情片$/vodshow/1---剧情-----#战争片$/vodshow/1---战争-----#武侠片$/vodshow/1---武侠-----",
"houzhui": "---.html",
"shifouercijiequ": "0",
"jiequqian": "空",
"jiequhou": "空",
"jiequshuzuqian": "class=\"myui-vodlist__box\"",
"jiequshuzuhou": "</span>",
"tupianqian": "original=\"",
"tupianhou": "\"",
"biaotiqian": "title=\"",
"biaotihou": "\"",
"lianjieqian": "href=\"",
"lianjiehou": "\"",
"sousuoqian": "/index.php/ajax/suggest?mid=1&wd=",
"sousuohou": "&limit=500",
"sousuohouzhui": "/voddetail/",
"ssmoshi": "0",
"sousuoshifouercijiequ": "0",
"jspic": "pic",
"jsname": "name",
"jsid": "id",
"ssjiequqian": "空",
"ssjiequhou": "空",
"ssjiequshuzuqian": "空",
"ssjiequshuzuhou": "空",
"sstupianqian": "空",
"sstupianhou": "空",
"ssbiaotiqian": "空",
"ssbiaotihou": "空",
"sslianjieqian": "空",
"sslianjiehou": "空",
"bfshifouercijiequ": "0",
"bfjiequqian": "空",
"bfjiequhou": "空",
"bfjiequshuzuqian": "id=\"playlist",
"bfjiequshuzuhou": "</ul>",
"zhuangtaiqian": "class=\"otherbox\">",
"zhuangtaihou": "</p>",
"daoyanqian": "导演：</span>",
"daoyanhou": "</p>",
"zhuyanqian": "主演：</span>",
"zhuyanhou": "</p>",
"juqingqian": "<span class=\"data\"",
"juqinghou": "</span>",
"bfyshifouercijiequ": "0",
"bfyjiequqian": "空",
"bfyjiequhou": "空",
"bfyjiequshuzuqian": "<a",
"bfyjiequshuzuhou": "/a>",
"bfbiaotiqian": ">",
"bfbiaotihou": "<",
"bflianjieqian": "href=\"",
"bflianjiehou": "\""
    }