{
  "name": "神马影院10",
  "url": "https://www.1010dy.vip/",
  "tihuan": "",
  "User": "空",
  "shouye": "1",
  "fenlei": "电影$/type/1-#电视剧$/type/2-#动漫$/type/3-#日韩剧$/type/4-#欧美剧$/type/5-",
  "houzhui": ".html",
  "shifouercijiequ": "0",
  "jiequqian": "空",
  "jiequhou": "空",
  "jiequshuzuqian": "class=\"stui-vodlist__box",
  "jiequshuzuhou": "</li>",
  "tupianqian": "data-original=\"",
  "tupianhou": "\"",
  "biaotiqian": "title=\"",
  "biaotihou": "\"",
  "lianjieqian": "href=\"",
  "lianjiehou": "\"",
  "sousuoqian": "/index.php/ajax/suggest?mid=1&wd=",
  "sousuohou": "&limit=500",
  "sousuohouzhui": "/detail/",
  "ssmoshi": "0",
  "sousuoshifouercijiequ": "0",
  "jspic": "pic",
  "jsname": "name",
  "jsid": "id",
  "ssjiequqian": "空",
  "ssjiequhou": "空",
  "ssjiequshuzuqian": "class=\"stui-vodlist__box",
  "ssjiequshuzuhou": "</li>",
  "sstupianqian": "空",
  "sstupianhou": "空",
  "ssbiaotiqian": "空",
  "ssbiaotihou": "空",
  "sslianjieqian": "空",
  "sslianjiehou": "空",
  "bfshifouercijiequ": "0",
  "bfjiequqian": "空",
  "bfjiequhou": "空",
  "bfjiequshuzuqian": "class=\"btn btn-primary\"",
  "bfjiequshuzuhou": "</ul>",
  "zhuangtaiqian": "状态: text-right",
  "zhuangtaihou": "</a>",
  "daoyanqian": "导演：",
  "daoyanhou": "</a>",
  "juqingqian": "简介",
  "juqinghou": "</li>",
  "bfyshifouercijiequ": "0",
  "bfyjiequqian": "空",
  "bfyjiequhou": "空",
  "bfyjiequshuzuqian": "<a",
  "bfyjiequshuzuhou": "/a>",
  "bfbiaotiqian": ">",
  "bfbiaotihou": "<",
  "bflianjieqian": "href=\"",
  "bflianjiehou": "\""
}
