{
"wallpaper":"https://picsum.photos/1280/720/?blur=10",

## 01.🐼缝合接口
"spider":"clan://1catvod/jar/wqdd.jar",


# 直播
"lives":
[
  {
    "group": "redirect",
    "channels":
    [
      {
        "name": "live",
        "urls": ["proxy://do=live&type=txt&ext=aHR0cDovLzgxLjcwLjc3LjU6NzgwMC90di8="]
      }
    ]
  }
],


"sites":
[
#缝合接口
{"key":"csp_DiDuan","name":"🤷🏻低端影视(SP)","type":3,"api":"csp_DiDuan","searchable":1,"quickSearch":1,"filterable":0},
{"key":"csp_CZSPP","name":"🐖厂长资源(SP)","type":3,"api":"csp_CZSPP","searchable":1,"quickSearch":1,"filterable":0},
{"key":"csp_xpath_huya","name":"🐯虎牙直播(XP)","type":3,"api":"csp_XPathMacFilter","searchable":1,"quickSearch":1,"filterable":1,"ext":"clan://1catvod/MeowXP/huya2.json"},
{"key":"csp_Auete","name":"🔶Auete(SP)","type":3,"api":"csp_Auete","searchable":1,"quickSearch":0,"filterable":1,"ext":""},
{"key":"csp_GitCafe","name":"🐾小纸条(SP)","type":3,"api":"csp_GitCafe","searchable":1,"quickSearch":1,"filterable":0},
{"key":"csp_AliPanSou","name":"🦊喵狸盘搜(仅搜索)","type":3,"api":"csp_AliPanSou","searchable":1,"quickSearch":1,"filterable":0},
{"key":"csp_Nbys","name":"🍞泥巴(SP)","type":3,"api":"csp_Nbys","searchable":1,"quickSearch":1,"filterable":1,"ext":""},
{"key":"csp_Lgyy","name":"🍞蓝光影院(SP)","type":3,"api":"csp_Lgyy","searchable":1,"quickSearch":1,"filterable":1,"ext":""},
{"key":"csp_Zxzj","name":"🍞在线之家(SP)","type":3,"api":"csp_Zxzj","searchable":1,"quickSearch":1,"filterable":1,"ext":""},
{"key":"csp_Cokemv","name":"🍞Cokemv(SP)","type":3,"api":"csp_Cokemv","searchable":1,"quickSearch":1,"filterable":1,"ext":""},
{"key":"csp_JuHuang","name":"🍞剧荒(SP)","type":3,"api":"csp_Juhuang","searchable":1,"quickSearch":1,"filterable":1,"ext":""},
{"key":"csp_Fantuan","name":"🍞饭团(SP)","type":3,"api":"csp_Fantuan","searchable":1,"quickSearch":1,"filterable":1,"ext":""},
{"key":"csp_Subaibai","name":"🍞素白白(SP)","type":3,"api":"csp_Subaibai","searchable":1,"quickSearch":1,"filterable":1,"ext":""},
{"key":"csp_Qicui","name":"🍞奇粹(SP)","type":3,"api":"csp_Qicui","searchable":1,"quickSearch":1,"filterable":1,"ext":""},
{"key":"csp_DY1990","name":"🍞90(SP)","type":3,"api":"csp_DY1990","searchable":1,"quickSearch":1,"filterable":0},
{"key":"csp_xpath_Hdmoli","name":"🍞Hdmoli(XPF)","type":3,"api":"csp_XPathHdmoli","searchable":1,"quickSearch":1,"filterable":1,"ext":"clan://1catvod/MeowXP/hdmoli.json"},
{"key":"csp_xpath_egg","name":"🍞蛋蛋(XPF)","type":3,"api":"csp_XPathEgg","searchable":1,"quickSearch":1,"filterable":1,"ext":"clan://1catvod/MeowXP/dandan.json"},
{"key":"csp_xpath_Gaze","name":"🍞注视(XPF)","type":3,"api":"csp_XPathGaze","searchable":1,"quickSearch":0,"filterable":1,"ext":"clan://1catvod/MeowXP/gaze.json"},
#
#优质
{"key":"csp_appysv2_钟特影视","name":"钟特影视(优)","type":3,"api":"csp_AppYsV2","searchable":1,"quickSearch":1,"filterable":1,"ext":"https://app.zteys.com/api.php/v1.vod"},
{"key":"csp_appysv2_影阅阁","name":"影阅阁(优)","type":3,"api":"csp_AppYsV2","searchable":1,"quickSearch":1,"filterable":1,"ext":"http://221.236.18.12:665/api.php/v1.vod"},
{"key":"csp_appysv2_影视大全","name":"影视大全(优)","type":3,"api":"csp_AppYsV2","searchable":1,"quickSearch":1,"filterable":1,"ext":"https://app.okmedcos.com/api.php/v1.vod"},
{"key":"csp_appysv2_益达影院","name":"益达影院(优)","type":3,"api":"csp_AppYsV2","searchable":1,"quickSearch":1,"filterable":1,"ext":"http://luobu.yss6080.com/mogai_api.php/v1.vod"},
{"key":"csp_appys_青视频","name":"青视频(优)","type":3,"api":"csp_AppYs","searchable":1,"quickSearch":1,"filterable":1,"ext":"http://150.158.133.36:9904/qingdoujiekou.php/v1.vod"},
{"key":"csp_appysv2_暖光影视","name":"暖光影视(优)","type":3,"api":"csp_AppYsV2","searchable":1,"quickSearch":1,"filterable":1,"ext":"https://app.bl210.com/api.php/v1.vod"},
{"key":"csp_appysv2_南府影视","name":"南府影视(优)","type":3,"api":"csp_AppYsV2","searchable":1,"quickSearch":1,"filterable":1,"ext":"http://iapp.nfuxs.club/nfuxs.php/v1.vod"},
{"key":"csp_appysv2_美剧范","name":"美剧范(优)","type":3,"api":"csp_AppYsV2","searchable":1,"quickSearch":1,"filterable":1,"ext":"http://ttzmz.net/api.php/v1.vod"},
{"key":"csp_appys_美剧虫","name":"美剧虫(优)","type":3,"api":"csp_AppYs","searchable":1,"quickSearch":1,"filterable":1,"ext":"https://meijuchong.com/api.php/v1.vod"},
{"key":"csp_appysv2_麻瓜视频","name":"麻瓜视频(优)","type":3,"api":"csp_AppYsV2","searchable":1,"quickSearch":1,"filterable":1,"ext":"http://aliyun.k8aa.com/mogai_api.php/v1.vod"},
{"key":"csp_appysv2_琅琊影视","name":"琅琊影视(优)","type":3,"api":"csp_AppYsV2","searchable":1,"quickSearch":1,"filterable":1,"ext":"http://fgyuu.top/lehailb_api.php/v1.vod"},
{"key":"csp_appysv2_懒猫电影","name":"懒猫电影(优)","type":3,"api":"csp_AppYsV2","searchable":1,"quickSearch":1,"filterable":1,"ext":"http://lanmao.lanmaoymw.cn/api.php/v1.vod"},
{"key":"csp_appysv2_零刻影院","name":"零刻影院(优)","type":3,"api":"csp_AppYsV2","searchable":1,"quickSearch":1,"filterable":1,"ext":"https://ys.ling00.cn/api.php/v1.vod"},
{"key":"csp_appysv2_看看影视","name":"看看影视(优)","type":3,"api":"csp_AppYsV2","searchable":1,"quickSearch":1,"filterable":1,"ext":"http://kk.ccboke.top/ruifenglb_api.php/v1.vod"},
{"key":"csp_appysv2_飓风影院","name":"飓风影院(优)","type":3,"api":"csp_AppYsV2","searchable":1,"quickSearch":1,"filterable":1,"ext":"http://yidayy.top/lehailb_api.php/v1.vod"},
{"key":"csp_appysv2_狐狸动漫","name":"狐狸动漫(优)","type":3,"api":"csp_AppYsV2","searchable":1,"quickSearch":1,"filterable":1,"ext":"http://ak.baicai.buzz/lvdou_api.php/v1.vod"},
{"key":"csp_appysv2_粉象视界","name":"粉象视界(优)","type":3,"api":"csp_AppYsV2","searchable":1,"quickSearch":1,"filterable":1,"ext":"http://42.157.129.15:34444/lvdou_api.php/v1.vod"},
{"key":"csp_appysv2_饭后电影","name":"饭后电影(优)","type":3,"api":"csp_AppYsV2","searchable":1,"quickSearch":1,"filterable":1,"ext":"http://yinliub.cn/lvdou_api.php/v1.vod"},
{"key":"csp_appysv2_段友影视","name":"段友影视(优)","type":3,"api":"csp_AppYsV2","searchable":1,"quickSearch":1,"filterable":1,"ext":"https://shangjihuoke.com/api.php/tv.vod"},
{"key":"csp_appysv2_段友影视2","name":"段友影视2(优)","type":3,"api":"csp_AppYsV2","searchable":1,"quickSearch":1,"filterable":1,"ext":"http://121.204.249.135:4433/ruifenglb_api.php/v1.vod"},
{"key":"csp_appysv2_独播社","name":"独播社(优)","type":3,"api":"csp_AppYsV2","searchable":1,"quickSearch":1,"filterable":1,"ext":"http://35ys.cc/api.php/v1.vod"},
{"key":"csp_appys_创意影视","name":"创意影视(优)","type":3,"api":"csp_AppYs","searchable":1,"quickSearch":1,"filterable":1,"ext":"https://www.30dian.cn/api.php/v1.vod"},
{"key":"csp_appys_次元动漫","name":"次元动漫(优)","type":3,"api":"csp_AppYs","searchable":1,"quickSearch":1,"filterable":1,"ext":"http://81.68.211.181/lvdou_api.php/v1.vod"},
{"key":"csp_appysv2_嗷呜视频","name":"嗷呜视频(优)","type":3,"api":"csp_AppYsV2","searchable":1,"quickSearch":1,"filterable":1,"ext":"http://www.cx99999.cn/lvdou_api.php/v1.vod"},
{"key":"csp_appysv2_爱麻花影视","name":"爱麻花影视(优)","type":3,"api":"csp_AppYsV2","searchable":1,"quickSearch":1,"filterable":1,"ext":"http://v.jiexi.work/qingdoujiekou.php/v1.vod"},
{"key":"csp_appysv2_爱酷影视","name":"爱酷影视(优)","type":3,"api":"csp_AppYsV2","searchable":1,"quickSearch":1,"filterable":1,"ext":"https://www.zhanlangbu.com/ruifenglb_api.php/v1.vod"},
{"key":"csp_appysv2_tvip","name":"tvip(优)","type":3,"api":"csp_AppYsV2","searchable":1,"quickSearch":1,"filterable":1,"ext":"http://app.tvip.cc/api.php/v1.vod"},
{"key":"csp_appysv2_Hi影视","name":"Hi影视(优)","type":3,"api":"csp_AppYsV2","searchable":1,"quickSearch":1,"filterable":1,"ext":"http://114.132.251.111:999/lvdou_api.php/v1.vod"},
{"key":"csp_appysv2_F7高清","name":"F7高清(优)","type":3,"api":"csp_AppYsV2","searchable":1,"quickSearch":1,"filterable":1,"ext":"http://bc.haokanju1.cc/lvdou_api.php/v1.vod"},
{"key":"csp_appysv2_DC影视","name":"DC影视(优)","type":3,"api":"csp_AppYsV2","searchable":1,"quickSearch":1,"filterable":1,"ext":"http://chaorenbb.com/api.php/v1.vod"},
{"key":"csp_appysv2_4K影院","name":"4K影院(优)","type":3,"api":"csp_AppYsV2","searchable":1,"quickSearch":1,"filterable":1,"ext":"http://1api.4kdytv.com/api.php/v1.vod"},
{"key":"csp_appysv2_300看世界","name":"300看世界(优)","type":3,"api":"csp_AppYsV2","searchable":1,"quickSearch":1,"filterable":1,"ext":"https://300ys.xyz/mogai_api.php/v1.vod"},
#
#官方解析
{"key":"8090资源","name":"8090资源(官)","type":1,"api":"http://zy.yilans.net:8090/api.php/provide/vod/","playUrl":"https://www.8090.la/8090/?url=","searchable":1,"quickSearch":1},
{"key":"6U资源","name":"6U资源(官)","type":1,"api":"http://zy.ataoju.com/inc/apijson_vod.php","playUrl":"parse:parwix1","searchable":0,"quickSearch":0},
{"key":"天堂资源","name":"天堂资源(官)","type":1,"api":"http://vipmv.cc/api.php/provide/vod/","playUrl":"parse:parwix1","searchable":1,"quickSearch":1},
{"key":"M3U8.TV资源","name":"M3U8.TV资源(官)","type":1,"api":"http://www.zycaiji.net:7788/api.php/provide/vod/","playUrl":"parse:parwix1","searchable":1,"quickSearch":1},
{"key":"麒麟资源","name":"麒麟资源(官)","type":1,"api":"http://www.qilinzyz.com/api.php/provide/vod/","playUrl":"parse:parwix1","searchable":1,"quickSearch":1},
{"key":"诺讯资源","name":"诺讯资源(官)","type":1,"api":"http://caiji.nxflv.com/api.php/provide/vod/","playUrl":"https://www.nxflv.com/?url=","searchable":1,"quickSearch":1},
{"key":"英皇官采","name":"英皇官采(官)","type":0,"api":"https://apicdn.vipm3u8.com/xml","playUrl":"https://player.cdn.ormanjiaju.com/player?token=4732bUERfVb60lWNSLrsd5-2s1r70KeA89C3VwrGYYdByboQT9o4OzxIr5-8/cX9-sO6&vid=","searchable":1,"quickSearch":1},
{"key":"江北资源","name":"江北资源(官)","type":1,"api":"https://gfzycj.hnmj.vip/api.php/provide/vod/","playUrl":"parse:parwix1","searchable":1,"quickSearch":1},
{"key":"思古官采","name":"思古官采(官)","type":1,"api":"http://zy.sgyun.me/api.php/provide/vod/","playUrl":"parse:parwix1","searchable":1,"quickSearch":1},
{"key":"星一官采","name":"星一官采(官)","type":1,"api":"https://gcku.suboyun.vip/api.php/provide/vod/","playUrl":"https://www.xing1.vip/player/dp/?url=","searchable":1,"quickSearch":1},
{"key":"wabc(腾讯直采)","name":"wabc(腾讯直采)(官)","type":1,"api":"https://wabc.ml/mao/1.php/provide/vod/","playUrl":"parse:parwix1","searchable":1,"quickSearch":1},
{"key":"看猫","name":"看猫(官)","type":1,"api":"http://124.222.83.15:88/api.php/provide/vod/","playUrl":"parse:parwix1","searchable":1,"quickSearch":1},
{"key":"忆梦","name":"忆梦(官)","type":1,"api":"http://anltv.cn/api.php/provide/vod/","playUrl":"parse:parwix1","searchable":1,"quickSearch":1},
{"key":"极速官采","name":"极速官采(官)","type":1,"api":"http://gc.zhuijuba.vip/api.php/provide/vod/","searchable":1,"quickSearch":1},
{"key":"晓成云","name":"晓成云(官)","type":1,"api":"http://cj.cygc.xyz/api.php/provide/vod/","searchable":1,"quickSearch":1},
{"key":"首涂官采","name":"首涂官采(官)","type":1,"api":"http://zy.ishoutu.com/api.php/provide/vod/","searchable":1,"quickSearch":1},
{"key":"奥特曼资源","name":"奥特曼资源(官)","type":1,"api":"https://aotemanzy.com/api.php/provide/vod/","searchable":1,"quickSearch":1},
{"key":"雪人官采","name":"雪人官采(官)","type":1,"api":"https://zl.chinafix.wang/api.php/provide/vod/","searchable":1,"quickSearch":1},
{"key":"木子看剧","name":"木子看剧(官)","type":1,"api":"https://mzkj.maccms.cf/api.php/provide/vod/","searchable":1,"quickSearch":1},
#
// 推送功能扩展（需v2.1.0.Beta6及以上版本）
// 需要在配置文件中，加入key为push_agent的站点，数据返回格式和普通爬虫一致
// 支持推送播放网盘链接
// https://github.com/catvod/CatVodTVSpider
{"key":"push_agent","name":"推送","type":3,"api":"csp_PushAgent","searchable":0,"quickSearch":0,"filterable":0}
],

"parses":[
{"name":"解析聚合","type":3,"url":"Demo"},
{"name":"Json并发","type":2,"url":"Parallel"},
{"name":"Json轮询","type":2,"url":"Sequence"},
# type1 聚合.并发.轮询
{"name":"Pro","type":1,"url":"http://api.vip123kan.vip/?url=","ext":{"flag":["youku","优酷","mgtv","芒果","qq","腾讯","qiyi","爱奇艺","qq","奇艺"]}},
{"name":"bilibili","type":1,"url":"https://vip.23at.cn/home/api?type=ys&uid=4883852&key=adfimsvxzDKNOVX389&url=","ext":{"flag":["bilibili"]}},
{"name":"leduo","type":1,"url":"https://api.ldjx.cc/wp-api/getvodurl.php?token=1001&vid=","ext":{"flag":["leduo"]}},
{"name":"duoduozy2","type":1,"url":"https://a.dxzj88.com/jxjx/dd.php?url=","ext":{"flag":["duoduozy"]}},
{"name":"renrenmi2","type":1,"url":"https://a.dxzj88.com/jxrrm/jiami.php?url=","ext":{"flag":["renrenmi"]}},
{"name":"renrenmi3","type":1,"url":"https://sz.dxzj88.com/jxrjrm/jiaomi.php?url=","ext":{"flag":["renrenmi"]}},
{"name":"Pro2","type":1,"url":"https://vip.rongxingvr.top/api/?type=ys&key=JJEZkZIhzkA4cUtBfR&url=","ext":{"flag":["ltnb","rx","qiyi","爱奇艺","qq","奇艺","sohu","letv","youku","优酷","mgtv","芒果"]}},
{"name":"2","type":1,"url":"https://jx.mczdyw.com/xg.php?url=","ext":{"flag":["mgtv","芒果"]}},
{"name":"3","type":1,"url":"https://www.aiaine.com/api/?key=kVqmG5dAQ5dZTcECw8&url=","ext":{"flag":["youku","优酷","mgtv","芒果","qq","腾讯","qiyi","爱奇艺","qq","奇艺"]}},
{"name":"4","type":1,"url":"https://svip.rongxingvr.top/api/?key=niBgMGXVdCQhsmeEBK&url=","ext":{"flag":["youku","优酷","mgtv","芒果","qq","腾讯","qiyi","爱奇艺","qq","奇艺"]}},
{"name":"8","type":1,"url":"https://app.iminna.com/jx/?url=","ext":{"flag":["youku","优酷","mgtv","芒果","qq","腾讯","qiyi","爱奇艺","qq","奇艺"]}},
{"name":"初心影视1","type":1,"url":"http://jhpc.manduhu.com/j1217.php?url=","ext":{"flag":["youku","优酷","qq","腾讯","mgtv","芒果"]}},
{"name":"飓风影院2","type":1,"url":"https://vvip.funsline.cn/api/?key=3xWfEoDf4V9p9Y20CR&url=","ext":{"flag":["ziqie","youku","优酷","qiyi","爱奇艺","奇艺","mgtv","芒果","qq","腾讯"]}},
{"name":"我爱电影网","type":1,"url":"https://jhpc.manduhu.com/j1217.php?url=","ext":{"flag":["qiyi","爱奇艺","奇艺","mgtv","芒果","youku","优酷","pptv","PPTV"]}},
{"name":"初心影视9","type":1,"url":"https://api.m3u8.tv:5678/home/api?type=ys&uid=1931000&key=gktuvyzABEORSYZ135&url=","ext":{"flag":["youku","优酷","qq","腾讯","mgtv","芒果"]}},
{"name":"江湖解析","type":1,"url":"http://103.40.240.46/jh/?url=","ext":{"flag":["renrenmi","qq","腾讯","youku","优酷","mgtv","芒果","xigua","西瓜"]}},
{"name":"王牌","type":1,"url":"https://za.kuanjv.com/?url=","ext":{"flag":["qq","腾讯","qiyi","爱奇艺","奇艺","youku","优酷","mgtv","芒果","搜狐","sohu","letv","乐视","bilibili","哔哩哔哩","哔哩","xigua","西瓜"]}},
{"name":"我爱电影网","type":1,"url":"https://jhpc.manduhu.com/j1217.php?url=","ext":{"flag":["qq","腾讯","qiyi","爱奇艺","奇艺","youku","优酷","mgtv","芒果","乐视","letv","PPTV","pptv","bilibili","哔哩哔哩","哔哩"]}},
{"name":"盘古解析","type":1,"url":"https://json.pangujiexi.com:12345/json.php?url=","ext":{"flag":["qq","腾讯","qiyi","爱奇艺","奇艺","youku","优酷","mgtv","芒果"]}},
{"name":"欢雨","type":1,"url":"http://www.youhuifuligou.com/json/?id=7&url=","ext":{"flag":["qq","腾讯","qiyi","爱奇艺","奇艺","youku","优酷","letv","乐视","xigua","西瓜"]}},
{"name":"hfyrw","type":1,"url":"https://json.hfyrw.com/mao.go?url=","ext":{"flag":["ltnb","renrenmi"]}},
{"name":"aiaine02","type":1,"url":"https://vip.aiaine.com/api/?key=8FN8gNAySnvJiMllxZ&url=","ext":{"flag":["ltnb","renrenmi","xfyun","miaoparty","miaoparty2","miaoparty3","longteng","xueren"]}},
{"name":"五一解析","type":1,"url":"https://json.5lp.net/json.php?url=","ext":{"flag":["ltnb","renrenmi","rx","rongxing"]}},
{"name":"RongXingVR","type":1,"url":"https://vip.rongxingvr.top/api/?key=JJEZkZIhzkA4cUtBfR&url=","ext":{"flag":["renrenmi","rx","rongxing","mgtv","芒果","bilibili","哔哩哔哩","哔哩"]}},
{"name":"jx165","type":1,"url":"https://ltjx.kuaixiao.vip/home/api?type=ys&uid=506916&key=dlmpwBHIKLMPQRVW23&url=","ext":{"flag":["ltnb"]}},
{"name":"jx36","type":1,"url":"https://api.m3u8.tv:5678/home/api?type=ys&uid=9105801&key=huwxFGILMOQSTUZ679&url=","ext":{"flag":["qq","腾讯","qiyi","爱奇艺","奇艺","youku","优酷","mgtv","芒果"]}},
{"name":"J13","type":1,"url":"https://languangyingshiziyuan.1080zy.top/longtengzy.php/?url=","ext":{"flag":["ltnb"]}},
{"name":"xfyun云","type":1,"url":"https://vip.xfyun.one/home/api?type=ys&uid=2581923&key=ceijpquvBMOSUVXZ23&url=","ext":{"flag":["xfyun"]}},
{"name":"Wuduzy","type":1,"url":"https://aa.xkys.tv/json.php?url=","ext":{"flag":["wuduzy"]}},
{"name":"LTRX","type":1,"url":"https://svip.spchat.top/api/?type=ys&key=bKemW41JnxmQb4l67h&url=","ext":{"flag":["rx"]}},
{"name":"喵派对资源3","type":1,"url":"https://vip.aiaine.com/api/?key=fOWaGgFU45zlIjvbHI&url=","ext":{"flag":["ltnb","renrenmi"]}},
{"name":"喵派对资源2","type":1,"url":"https://svip.iremind.me/api/?key=A5Db8HF8c8FSIOR6R1&url=","ext":{"flag":["renrenmi","qq","腾讯","qiyi","爱奇艺","奇艺","youku","优酷","mgtv","芒果","bilibili","哔哩哔哩","哔哩","sohu"]}},
{"name":"leduotv","type":1,"url":"https://api.leduotv.com/wp-api/getvodurl.php?vid=","ext":{"flag":["leduo"]}},
# type0 手动解析
{"name":"OJBK","type":0,"url":"https://jmwl.qd234.cn/v/?v=","ext":{"flag":["ltnb","renrenmi","rx","xfyun","muxm3u8","xigua","xueren","qq","腾讯","qiyi","爱奇艺","奇艺","youku","优酷","mgtv","芒果","bilibili","哔哩哔哩","哔哩","pptv","PPTV","sohu","letv"]}},
{"name":"M117","type":0,"url":"http://1.117.152.239:39000/?url="},
{"name":"zui","type":0,"url":"https://jx.zui.cm/?url=","ext":{"flag":["ltnb"]}},
{"name":"parwix1","type":0,"url":"https://jx.parwix.com:4433/player/?url=","ext":{"flag":["qq","腾讯","qiyi","爱奇艺","奇艺","youku","优酷","mgtv","芒果","letv","乐视","pptv","PPTV","sohu","bilibili","哔哩哔哩","哔哩"]}},
{"name":"parwix2","type":0,"url":"https://jx.parwix.com:4433/player/analysis.php?v=","ext":{"flag":["qq","腾讯","qiyi","爱奇艺","奇艺","youku","优酷","mgtv","芒果","letv","乐视","pptv","PPTV","sohu","bilibili","哔哩哔哩","哔哩"]}},
{"name":"xuerenweb","type":0,"url":"https://s.2tu.uk/?url=","ext":{"flag":["xueren"]}},
{"name":"xuerenweb2","type":0,"url":"https://xrm3u8.qd234.cn/?url=","ext":{"flag":["xueren"]}},
{"name":"美剧虫","type":0,"url":"https://jx.daiguaji.com/?url=","ext":{"flag":["zijian"]}},
{"name":"miao","type":0,"url":"https://jx.58g8.com/1/?url=","ext":{"flag":["miaoparty"]}},
{"name":"web1","type":0,"url":"https://www.nxflv.com/?url=","ext":{"flag":["youku","优酷","mgtv","芒果","qq","腾讯","qiyi","爱奇艺","qq","奇艺","sohu","letv"]}},
{"name":"万能解析","type":0,"url":"https://vip.legendwhb.cn/m3u8.php?url=","ext":{"flag":["ltnb","renrenmi","qq","腾讯","qiyi","爱奇艺","奇艺","youku","优酷","mgtv","芒果","bilibili","哔哩哔哩","哔哩"]}},
{"name":"ltnb04","type":0,"url":"https://vip.bljiex.com/?v=","ext":{"flag":["ltnb"]}},
{"name":"ltnb02","type":0,"url":"https://jx.zui.cm/?url=","ext":{"flag":["ltnb"]}},
{"name":"CL4K01","type":0,"url":"https://ys.ling00.cn/CL4K/?url=","ext":{"flag":["CL4K","qq","腾讯"]}},
{"name":"CL4K02","type":0,"url":"https://app.okmedcos.com/4k/?url=","ext":{"flag":["CL4K","qq","腾讯","pptv","PPTV"]}}
],
"flags":["youku","qq","iqiyi","qiyi","letv","sohu","tudou","pptv","mgtv","wasu","bilibili","renrenmi","优酷","芒果","腾讯","爱奇艺","奇艺","ltnb","rx","CL4K","xfyun","wuduzy"],
"ijk":[
{"group":"软解码","options":[
{"category":4,"name":"opensles","value":"0"},
{"category":4,"name":"overlay-format","value":"842225234"},
{"category":4,"name":"framedrop","value":"1"},
{"category":4,"name":"soundtouch","value":"1"},
{"category":4,"name":"start-on-prepared","value":"1"},
{"category":1,"name":"http-detect-range-support","value":"0"},
{"category":1,"name":"fflags","value":"fastseek"},
{"category":2,"name":"skip_loop_filter","value":"48"},
{"category":4,"name":"reconnect","value":"1"},
{"category":4,"name":"enable-accurate-seek","value":"0"},
{"category":4,"name":"mediacodec","value":"0"},
{"category":4,"name":"mediacodec-auto-rotate","value":"0"},
{"category":4,"name":"mediacodec-handle-resolution-change","value":"0"},
{"category":4,"name":"mediacodec-hevc","value":"0"},
{"category":1,"name":"dns_cache_timeout","value":"600000000"}
]},
{"group":"硬解码","options":[
{"category":4,"name":"opensles","value":"0"},
{"category":4,"name":"overlay-format","value":"842225234"},
{"category":4,"name":"framedrop","value":"1"},
{"category":4,"name":"soundtouch","value":"1"},
{"category":4,"name":"start-on-prepared","value":"1"},
{"category":1,"name":"http-detect-range-support","value":"0"},
{"category":1,"name":"fflags","value":"fastseek"},
{"category":2,"name":"skip_loop_filter","value":"48"},
{"category":4,"name":"reconnect","value":"1"},
{"category":4,"name":"enable-accurate-seek","value":"0"},
{"category":4,"name":"mediacodec","value":"1"},
{"category":4,"name":"mediacodec-auto-rotate","value":"1"},
{"category":4,"name":"mediacodec-handle-resolution-change","value":"1"},
{"category":4,"name":"mediacodec-hevc","value":"1"},
{"category":1,"name":"dns_cache_timeout","value":"600000000"}
]}],
"ads":[
"mimg.0c1q0l.cn",
"www.googletagmanager.com",
"www.google-analytics.com",
"mc.usihnbcq.cn",
"mg.g1mm3d.cn",
"mscs.svaeuzh.cn",
"cnzz.hhttm.top",
"tp.vinuxhome.com",
"cnzz.mmstat.com",
"www.baihuillq.com",
"s23.cnzz.com",
"z3.cnzz.com",
"c.cnzz.com",
"stj.v1vo.top",
"z12.cnzz.com",
"img.mosflower.cn",
"tips.gamevvip.com",
"ehwe.yhdtns.com",
"xdn.cqqc3.com",
"www.jixunkyy.cn",
"sp.chemacid.cn",
"hm.baidu.com",
"s9.cnzz.com",
"z6.cnzz.com",
"um.cavuc.com",
"mav.mavuz.com",
"wofwk.aoidf3.com",
"z5.cnzz.com",
"xc.hubeijieshikj.cn",
"tj.tianwenhu.com",
"xg.gars57.cn",
"k.jinxiuzhilv.com",
"cdn.bootcss.com",
"ppl.xunzhuo123.com",
"xomk.jiangjunmh.top",
"img.xunzhuo123.com",
"z1.cnzz.com",
"s13.cnzz.com",
"xg.huataisangao.cn",
"z7.cnzz.com",
"xg.huataisangao.cn",
"z2.cnzz.com",
"s96.cnzz.com",
"q11.cnzz.com",
"thy.dacedsfa.cn",
"xg.whsbpw.cn",
"s19.cnzz.com",
"z8.cnzz.com",
"s4.cnzz.com",
"f5w.as12df.top",
"ae01.alicdn.com",
"www.92424.cn",
"k.wudejia.com",
"vivovip.mmszxc.top",
"qiu.xixiqiu.com",
"cdnjs.hnfenxun.com",
"cms.qdwght.com"
]
}