{"name": "双十电影",
"url": "https://www.1010dy.vip",
"tihuan": "cnzz.com",
"User": "空",
"shouye":"1",
"fenlei": "电视剧$/type/2/#电影$/type/1/#综艺$/type/4/#动漫$/type/3/",
"houzhui": "by/hits/",
"shifouercijiequ": "0",
"jiequqian": "空",
"jiequhou": "空",
"jiequshuzuqian": "class=\"stui-vodlist__box\"",
"jiequshuzuhou": "</a>",
"tupianqian": "data-original=\"",
"tupianhou": "\"",
"biaotiqian": "title=\"",
"biaotihou": "\"",
"lianjieqian": "href=\"",
"lianjiehou": "\"",
"sousuoqian": "/search/?wd=",
"sousuohou": "",
"sousuohouzhui": "/detail/",
"ssmoshi": "1",
"sousuoshifouercijiequ": "0",
"jspic": "空",
"jsname": "空",
"jsid": "空",
"ssjiequqian": "空",
"ssjiequhou": "空",
"ssjiequshuzuqian": "class=\"thumb\"",
"ssjiequshuzuhou": "</a>",
"sstupianqian": "data-original=\"",
"sstupianhou": "\"",
"ssbiaotiqian": "title=\"",
"ssbiaotihou": "\"",
"sslianjieqian": "href=\"",
"sslianjiehou": "\"",
"bfshifouercijiequ": "0",
"bfjiequqian": "空",
"bfjiequhou": "空",
"bfjiequshuzuqian": "class=\"stui-content__playlist clearfix\"",
"bfjiequshuzuhou": "</ul>",
"zhuangtaiqian": "class=\"pic-text text-right\">",
"zhuangtaihou": "</span>",
"daoyanqian": "导演：</span>",
"daoyanhou": "</p>",
"zhuyanqian": "主演：</span>",
"zhuyanhou": "</p>",
"juqingqian": "class=\"left text-muted\">",
"juqinghou": "<a href",
"bfyshifouercijiequ": "0",
"bfyjiequqian": "空",
"bfyjiequhou": "空",
"bfyjiequshuzuqian": "<li >",
"bfyjiequshuzuhou": "</li>",
"bfbiaotiqian": "\">",
"bfbiaotihou": "</a>",
"bflianjieqian": "href=\"",
"bflianjiehou": "\""}