{
    "author": "春风",
    "ua": "Mozilla/5.0 (Android 12; Mobile; rv:68.0) Gecko/68.0 Firefox/99.0",
    "homeUrl": "http://www.huaherobot.com",
    "dcVipFlag": "true",
    "pCfgJs": "http://www.huaherobot.com/static/js/playerconfig.js",
    "pCfgJsR": "MacPlayerConfig.player_list=([\\w\\W]*?),MacPlayerConfig.downer_list=",
    "dcShow2Vip": {},
    "dcPlayUrl": "true",
    "cateManual": {
        "电影": "1",
        "连续剧": "2",
        "动漫": "4",
        "综艺": "3"
    },
    "homeVodNode": "//a[contains(@class,'stui-vodlist__thumb')]",
    "homeVodName": "/@title",
    "homeVodId": "/@href",
    "homeVodIdR": "/xvideo/(\\w+)/",
    "homeVodImg": "/@data-original",
    "homeVodImgR": "",
    "homeVodMark": "/span[@class='pic-text text-right']/text()",
    "cateUrl": "http://www.huaherobot.com/vs/{cateId}-{area}-{by}-{catelog}-----{catePg}---{year}/",
    "cateVodNode": "//a[contains(@class,'stui-vodlist__thumb')]",
    "cateVodName": "/@title",
    "cateVodId": "/@href",
    "cateVodIdR": "/xvideo/(\\w+).html",
    "cateVodImg": "/@data-original",
    "cateVodImgR": "",
    "cateVodMark": "/span[@class='pic-text text-right']/text()",
    "dtUrl": "http://www.huaherobot.com/xvideo/{vid}/",
    "dtNode": "//body",
    "dtName": "//div[@class='stui-content__thumb']/a/@title",
    "dtNameR": "",
    "dtImg": "//div[@class='stui-content__thumb']/a/img/@data-original",
    "dtImgR": "",
    "dtCate": "//span[contains(text(), '类型')]/following-sibling::a/text()",
    "dtCateR": "",
    "dtYear": "//span[contains(text(), '年份')]/following-sibling::a/text()",
    "dtYearR": "",
    "dtArea": "//span[contains(text(), '地区')]/following-sibling::a/text()",
    "dtAreaR": "",
    "dtDirector": "//span[contains(text(), '导演')]/parent::text()",
    "dtDirectorR": "",
    "dtActor": "//span[contains(text(), '主演')]/parent::text()",
    "dtActorR": "",
    "dtDesc": "//span[contains(text(), '简介')]/parent::text()",
    "dtDescR": "",
    "dtFromNode": "//div[@class='stui-pannel__head clearfix']/h3",
    "dtFromName": "/text()",
    "dtFromNameR": "",
    "dtUrlNode": "//ul[@class='stui-content__playlist clearfix']",
    "dtUrlSubNode": "/li/a",
    "dtUrlId": "@href",
    "dtUrlIdR": "/(\\S+)/",
    "dtUrlName": "/text()",
    "dtUrlNameR": "",
    "playUrl": "http://www.huaherobot.com/{playUrl}",
    "playUa": "",
    "searchUrl": "http://www.huaherobot.com/vsearch/-------------/?wd={wd}&submit=",
    "scVodNode": "//a[contains(@class,'stui-vodlist__thumb')]",
    "scVodName": "/@title",
    "scVodId": "/@href",
    "scVodIdR": "/xvideo/(\\w+).html",
    "scVodImg": "/@data-original",
    "scVodMark": "/span[@class='pic-text text-right']/text()",
    "filter": {
        "1": [
            {
                "name": "类型",
                "key": "catelog",
                "value": [
                    {"n": "全部","v": ""},
                    {"n": "喜剧","v": "喜剧"},
                    {"n": "爱情","v": "爱情"},
                    {"n": "恐怖","v": "恐怖"},
                    {"n": "动作","v": "动作"},
                    {"n": "科幻","v": "科幻"},
                    {"n": "剧情","v": "剧情"},
                    {"n": "战争","v": "战争"},
                    {"n": "警匪","v": "警匪"},
                    {"n": "犯罪","v": "犯罪"},
                    {"n": "动画","v": "动画"},
                    {"n": "奇幻","v": "奇幻"},
                    {"n": "武侠","v": "武侠"},
                    {"n": "冒险","v": "冒险"},
                    {"n": "枪战","v": "枪战"},
                    {"n": "恐怖","v": "恐怖"},
                    {"n": "悬疑","v": "悬疑"},
                    {"n": "惊悚","v": "惊悚"},
                    {"n": "经典","v": "经典"},
                    {"n": "青春","v": "青春"},
                    {"n": "文艺","v": "文艺"},
                    {"n": "微电影","v": "微电影"},
                    {"n": "古装","v": "古装"},
                    {"n": "历史","v": "历史"},
                    {"n": "运动","v": "运动"},
                    {"n": "农村","v": "农村"},
                    {"n": "儿童","v": "儿童"},
                    {"n": "网络电影","v": "网络电影"}
                ]
            },
            {
                "name": "年份",
                "key": "year",
                "value": [
                    {"n": "全部","v": ""},
                    {"n": "2022","v": "2022"},
                    {"n": "2021","v": "2021"},
                    {"n": "2020","v": "2020"},
                    {"n": "2019","v": "2019"},
                    {"n": "2018","v": "2018"},
                    {"n": "2017","v": "2017"},
                    {"n": "2016","v": "2016"},
                    {"n": "2015","v": "2015"},
                    {"n": "2014","v": "2014"},
                    {"n": "2013","v": "2013"},
                    {"n": "2012","v": "2012"},
                    {"n": "2011","v": "2011"},
                    {"n": "2010","v": "2010"}
                ]
            },
            {
                "name": "地区",
                "key": "area",
                "value": [
                    {"n": "全部","v": ""},
                    {"n": "大陆","v": "大陆"},
                    {"n": "香港","v": "香港"},
                    {"n": "台湾","v": "台湾"},
                    {"n": "美国","v": "美国"},
                    {"n": "法国","v": "法国"},
                    {"n": "英国","v": "英国"},
                    {"n": "日本","v": "日本"},
                    {"n": "韩国","v": "韩国"},
                    {"n": "德国","v": "德国"},
                    {"n": "泰国","v": "泰国"},
                    {"n": "印度","v": "印度"},
                    {"n": "意大利","v": "意大利"},
                    {"n": "西班牙","v": "西班牙"},
                    {"n": "加拿大","v": "加拿大"},
                    {"n": "其他","v": "其他"}
                ]
            },
            {
                "name": "排序",
                "key": "by",
                "value": [
                    {"n": "全部","v": ""},
                    {"n": "时间","v": "time"},
                    {"n": "人气","v": "hits"},
                    {"n": "评分","v": "score"}
                ]
            }
        ],
        "2": [
            {
                "name": "类型",
                "key": "catelog",
                "value": [
                    {"n": "全部","v": ""},
                    {"n": "古装","v": "古装"},
                    {"n": "战争","v": "战争"},
                    {"n": "青春偶像","v": "青春偶像"},
                    {"n": "喜剧","v": "喜剧"},
                    {"n": "家庭","v": "家庭"},
                    {"n": "犯罪","v": "犯罪"},
                    {"n": "动作","v": "动作"},
                    {"n": "奇幻","v": "奇幻"},
                    {"n": "剧情","v": "剧情"},
                    {"n": "历史","v": "历史"},
                    {"n": "经典","v": "经典"},
                    {"n": "乡村","v": "乡村"},
                    {"n": "情景","v": "情景"},
                    {"n": "商战","v": "商战"},
                    {"n": "网剧","v": "网剧"},
                    {"n": "其他","v": "其他"}
                ]
            },
            {
                "name": "年份",
                "key": "year",
                "value": [
                    {"n": "全部","v": ""},
                    {"n": "2022","v": "2022"},
                    {"n": "2021","v": "2021"},
                    {"n": "2020","v": "2020"},
                    {"n": "2019","v": "2019"},
                    {"n": "2018","v": "2018"},
                    {"n": "2017","v": "2017"},
                    {"n": "2016","v": "2016"},
                    {"n": "2015","v": "2015"},
                    {"n": "2014","v": "2014"},
                    {"n": "2013","v": "2013"},
                    {"n": "2012","v": "2012"},
                    {"n": "2011","v": "2011"},
                    {"n": "2010","v": "2010"},
                    {"n": "2009","v": "2009"},
                    {"n": "2008","v": "2008"},
                    {"n": "2006","v": "2006"},
                    {"n": "2005","v": "2005"},
                    {"n": "2004","v": "2004"}
                ]
            },
            {
                "name": "地区",
                "key": "area",
                "value": [
                    {"n": "全部","v": ""},
                    {"n": "内地","v": "内地"},
                    {"n": "韩国","v": "韩国"},
                    {"n": "香港","v": "香港"},
                    {"n": "台湾","v": "台湾"},
                    {"n": "日本","v": "日本"},
                    {"n": "美国","v": "美国"},
                    {"n": "泰国","v": "泰国"},
                    {"n": "英国","v": "英国"},
                    {"n": "新加坡","v": "新加坡"},
                    {"n": "其他","v": "其他"}
                ]
            },
            {
                "name": "排序",
                "key": "by",
                "value": [
                    {"n": "全部","v": ""},
                    {"n": "时间","v": "time"},
                    {"n": "人气","v": "hits"},
                    {"n": "评分","v": "score"}
                ]
            }
        ],
        "3": [
            {
                "name": "类型",
                "key": "catelog",
                "value": [
                    {"n": "全部","v": ""},
                    {"n": "选秀","v": "选秀"},
                    {"n": "情感","v": "情感"},
                    {"n": "访谈","v": "访谈"},
                    {"n": "播报","v": "播报"},
                    {"n": "旅游","v": "旅游"},
                    {"n": "音乐","v": "音乐"},
                    {"n": "美食","v": "美食"},
                    {"n": "纪实","v": "纪实"},
                    {"n": "曲艺","v": "曲艺"},
                    {"n": "生活","v": "生活"},
                    {"n": "游戏互动","v": "游戏互动"},
                    {"n": "财经","v": "财经"},
                    {"n": "求职","v": "求职"}
                ]
            },
            {
                "name": "年份",
                "key": "year",
                "value": [
                    {"n": "全部","v": ""},
                    {"n": "2022","v": "2022"},
                    {"n": "2021","v": "2021"},
                    {"n": "2020","v": "2020"},
                    {"n": "2019","v": "2019"},
                    {"n": "2018","v": "2018"},
                    {"n": "2017","v": "2017"},
                    {"n": "2016","v": "2016"},
                    {"n": "2015","v": "2015"},
                    {"n": "2014","v": "2014"},
                    {"n": "2013","v": "2013"},
                    {"n": "2012","v": "2012"},
                    {"n": "2011","v": "2011"},
                    {"n": "2010","v": "2010"},
                    {"n": "2009","v": "2009"},
                    {"n": "2008","v": "2008"},
                    {"n": "2007","v": "2007"},
                    {"n": "2006","v": "2006"},
                    {"n": "2005","v": "2005"},
                    {"n": "2004","v": "2004"}
                ]
            },
            {
                "name": "地区",
                "key": "area",
                "value": [
                    {"n": "全部","v": ""},
                    {"n": "内地","v": "内地"},
                    {"n": "港台","v": "港台"},
                    {"n": "日韩","v": "日韩"},
                    {"n": "欧美","v": "欧美"}
                ]
            },
            {
                "name": "排序",
                "key": "by",
                "value": [
                    {"n": "全部","v": ""},
                    {"n": "时间","v": "time"},
                    {"n": "人气","v": "hits"},
                    {"n": "评分","v": "score"}
                ]
            }
        ],
        "4": [
            {
                "name": "类型",
                "key": "catelog",
                "value": [
                    {"n": "全部","v": ""},
                    {"n": "情感","v": "情感"},
                    {"n": "科幻","v": "科幻"},
                    {"n": "热血","v": "热血"},
                    {"n": "推理","v": "推理"},
                    {"n": "搞笑","v": "搞笑"},
                    {"n": "冒险","v": "冒险"},
                    {"n": "萝莉","v": "萝莉"},
                    {"n": "校园","v": "校园"},
                    {"n": "动作","v": "动作"},
                    {"n": "机战","v": "机战"},
                    {"n": "运动","v": "运动"},
                    {"n": "战争","v": "战争"},
                    {"n": "少年","v": "少年"},
                    {"n": "少女","v": "少女"},
                    {"n": "社会","v": "社会"},
                    {"n": "原创","v": "原创"},
                    {"n": "亲子","v": "亲子"},
                    {"n": "益智","v": "益智"},
                    {"n": "励志","v": "励志"},
                    {"n": "其他","v": "其他"}
                ]
            },
            {
                "name": "年份",
                "key": "year",
                "value": [
                    {"n": "全部","v": ""},
                    {"n": "2022","v": "2022"},
                    {"n": "2021","v": "2021"},
                    {"n": "2020","v": "2020"},
                    {"n": "2019","v": "2019"},
                    {"n": "2018","v": "2018"},
                    {"n": "2017","v": "2017"},
                    {"n": "2016","v": "2016"},
                    {"n": "2015","v": "2015"},
                    {"n": "2014","v": "2014"},
                    {"n": "2013","v": "2013"},
                    {"n": "2012","v": "2012"},
                    {"n": "2011","v": "2011"},
                    {"n": "2010","v": "2010"},
                    {"n": "2009","v": "2009"},
                    {"n": "2008","v": "2008"},
                    {"n": "2007","v": "2007"},
                    {"n": "2006","v": "2006"},
                    {"n": "2005","v": "2005"},
                    {"n": "2004","v": "2004"}
                ]
            },
            {
                "name": "地区",
                "key": "area",
                "value": [
                    {"n": "全部","v": ""},
                    {"n": "国产","v": "国产"},
                    {"n": "日本","v": "日本"},
                    {"n": "欧美","v": "欧美"},
                    {"n": "其他","v": "其他"}
                ]
            },
            {
                "name": "排序",
                "key": "by",
                "value": [
                    {"n": "全部","v": ""},
                    {"n": "时间","v": "time"},
                    {"n": "人气","v": "hits"},
                    {"n": "评分","v": "score"}
                ]
            }
        ]
    }
}