{
  "ua": "",
  "homeUrl": "https://www.zxzjtv.com",
  "dcVipFlag": "true",
    "pCfgJs": "https://www.zxzjtv.com/static/js/playerconfig.js",
    "pCfgJsR": "[\\W|\\S|.]*?MacPlayerConfig.player_list[\\W|\\S|.]*?=([\\W|\\S|.]*?),MacPlayerConfig.downer_list",
    "dcShow2Vip": {},
    "dcPlayUrl": "true",
  "cateNode": "//ul[contains(@class,'stui-header__menu')]/li/a[contains(@href, 'list')]",
  "cateName": "/text()",
  "cateId": "/@href",
  "cateIdR": "/list/(\\d+).html",
  "cateManual":{},
  "homeVodNode": "//a[contains(@class,'stui-vodlist__thumb')]",
  "homeVodName": "/@title",
  "homeVodId": "/@href",
  "homeVodIdR": "/detail/(\\w+).html",
  "homeVodImg": "/@data-original",
//  "homeVodImg": "concat('https://netflix.mom//img.php?url=https://www.zxzjtv.com',/@data-original)",
  "homeVodImgR": "(http\\S+)",
  "homeVodMark": "/span[contains(@class,'pic-text')]/text()",
  "cateUrl": "https://www.zxzjtv.com/vodshow/{cateId}-{area}-{by}--{lang}----{catePg}---{year}.html",
  "cateVodNode": "//a[contains(@class,'stui-vodlist__thumb')]",
  "cateVodName": "/@title",
  "cateVodId": "/@href",
  "cateVodIdR": "/detail/(\\w+).html",
  "cateVodImg": "/@data-original",
  "cateVodImgR": "(http\\S+)",
  "cateVodMark": "/span[contains(@class,'pic-text')]/text()",
  "dtUrl": "https://www.zxzjtv.com/detail/{vid}.html",
  "dtNode": "//body",
  "dtName": "//div[@class='stui-content__thumb']/a[contains(@class,'pic')]/@title",
  "dtNameR": "",
  "dtImg": "//div[@class='stui-content__thumb']/a[contains(@class,'pic')]/img/@data-original",
  "dtImgR": "(http\\S+)",
  "dtCate": "//div[@class='stui-content__detail']//p[contains(@class,'data') and contains(text(), '类型')]/following-sibling::*/text()",
  "dtCateR": "",
  "dtArea": "//div[@class='stui-content__detail']//p[contains(@class,'data') and contains(text(), '地区')]/following-sibling::*/text()",
  "dtAreaR": "",
  "dtYear": "//div[@class='stui-content__detail']//p[contains(@class,'data') and contains(text(), '年份')]/following-sibling::*/text()",
  "dtYearR": "",
  "dtActor": "//div[@class='stui-content__detail']//p[contains(@class,'data') and contains(text(), '主演')]/following-sibling::*/text()",
  "dtActorR": "",
  "dtDirector": "//div[@class='stui-content__detail']//p[contains(@class,'data') and contains(text(), '导演')]/following-sibling::*/text()",
  "dtDirectorR": "",
  "dtMark": "//div[@class='stui-content__detail']//p[contains(@class,'data') and contains(text(), '更新')]/following-sibling::*/text()",
  "dtMarkR": "",
  "dtDesc": "//span[@class='detail-sketch']/text()",
  "dtDescR": "",
  "dtFromNode": "//div[@class='stui-vodlist__head']/h3[contains(text(),'播放')]",
  "dtFromName": "/text()",
  "dtFromNameR": "",
  "dtUrlNode": "//ul[contains(@class, 'stui-content__playlist clearfix')]",
  "dtUrlSubNode": "/li/a",
  "dtUrlId": "@href",
  "dtUrlIdR": "/video/(\\S+).html",
  "dtUrlName": "/text()",
  "dtUrlNameR": "",
  "playUrl": "https://www.zxzjtv.com/video/{playUrl}.html",
  "playUa": "",
  "searchUrl": "https://www.zxzjtv.com/index.php/ajax/suggest?mid=1&wd={wd}&limit=10",
  "scVodNode": "json:list",
  "scVodName": "name",
  "scVodId": "id",
  "scVodIdR": "",
  "scVodImg": "pic",
  "scVodMark": "",
  "filter":{
    "1": [
    {"name":"年份","key":"year","value":[{"n":"全部","v":""},{"n":"2022","v":"2022"},{"n":"2021","v":"2021"},{"n":"2020","v":"2020"},{"n":"2019","v":"2019"},{"n":"2018","v":"2018"},{"n":"2017","v":"2017"},{"n":"2016","v":"2016"},{"n":"2015","v":"2015"},{"n":"2014","v":"2014"},{"n":"2013","v":"2013"},{"n":"2012","v":"2012"},{"n":"2011","v":"2011"},{"n":"2010","v":"2010"},{"n":"2009","v":"2009"},{"n":"2008","v":"2008"},{"n":"2007","v":"2007"},{"n":"2006","v":"2006"},{"n":"2005","v":"2005"},{"n":"2004","v":"2004"},{"n":"2003","v":"2003"},{"n":"2002","v":"2002"},{"n":"2001","v":"2001"},{"n":"2000","v":"2000"}]},
    {"name":"地区","key":"area","value":[{"n":"全部","v":""},{"n":"大陆","v":"大陆"},{"n":"香港","v":"香港"},{"n":"台湾","v":"台湾"},{"n":"欧美","v":"欧美"},{"n":"韩国","v":"韩国"},{"n":"日本","v":"日本"},{"n":"泰国","v":"泰国"},{"n":"印度","v":"印度"},{"n":"俄罗斯","v":"俄罗斯"},{"n":"其他","v":"其他"}]},
    {"name":"语言","key":"lang","value":[{"n":"全部","v":""},{"n":"英语","v":"英语"},{"n":"韩语","v":"韩语"},{"n":"日语","v":"日语"},{"n":"法语","v":"法语"},{"n":"泰语","v":"泰语"},{"n":"德语","v":"德语"},{"n":"印度语","v":"印度语"},{"n":"国语","v":"国语"},{"n":"粤语","v":"粤语"},{"n":"俄语","v":"俄语"},{"n":"西班牙语","v":"西班牙语"},{"n":"意大利语","v":"意大利语"},{"n":"其它","v":"其它"}]},
    {"name":"排序","key":"by","value":[{"n":"全部","v":""},{"n":"时间","v":"time"},{"n":"人气","v":"hits"},{"n":"评分","v":"score"}]}
    ],
    "2": [
    {"name":"年份","key":"year","value":[{"n":"全部","v":""},{"n":"2022","v":"2022"},{"n":"2021","v":"2021"},{"n":"2020","v":"2020"},{"n":"2019","v":"2019"},{"n":"2018","v":"2018"},{"n":"2017","v":"2017"},{"n":"2016","v":"2016"},{"n":"2015","v":"2015"},{"n":"2014","v":"2014"},{"n":"2013","v":"2013"},{"n":"2012","v":"2012"},{"n":"2011","v":"2011"}]}
    ],
    "3": [
    {"name":"年份","key":"year","value":[{"n":"全部","v":""},{"n":"2022","v":"2022"},{"n":"2021","v":"2021"},{"n":"2020","v":"2020"},{"n":"2019","v":"2019"},{"n":"2018","v":"2018"},{"n":"2017","v":"2017"},{"n":"2016","v":"2016"},{"n":"2015","v":"2015"},{"n":"2014","v":"2014"},{"n":"2013","v":"2013"},{"n":"2012","v":"2012"},{"n":"2011","v":"2011"}]}
    ],
    "4": [
    {"name":"年份","key":"year","value":[{"n":"全部","v":""},{"n":"2022","v":"2022"},{"n":"2021","v":"2021"},{"n":"2020","v":"2020"},{"n":"2019","v":"2019"},{"n":"2018","v":"2018"},{"n":"2017","v":"2017"},{"n":"2016","v":"2016"},{"n":"2015","v":"2015"},{"n":"2014","v":"2014"},{"n":"2013","v":"2013"},{"n":"2012","v":"2012"},{"n":"2011","v":"2011"}]}
    ],
    "5": [
    {"name":"年份","key":"year","value":[{"n":"全部","v":""},{"n":"2022","v":"2022"},{"n":"2021","v":"2021"},{"n":"2020","v":"2020"},{"n":"2019","v":"2019"},{"n":"2018","v":"2018"},{"n":"2017","v":"2017"},{"n":"2016","v":"2016"},{"n":"2015","v":"2015"},{"n":"2014","v":"2014"},{"n":"2013","v":"2013"},{"n":"2012","v":"2012"},{"n":"2011","v":"2011"}]}
    ],
    "6": [
    {"name":"地区","key":"area","value":[{"n":"全部","v":""},{"n":"国产","v":"国产"},{"n":"日本","v":"日本"},{"n":"欧美","v":"欧美"},{"n":"其他","v":"其他"}]},
    {"name":"年份","key":"year","value":[{"n":"全部","v":""},{"n":"2022","v":"2022"},{"n":"2021","v":"2021"},{"n":"2020","v":"2020"},{"n":"2019","v":"2019"},{"n":"2018","v":"2018"},{"n":"2017","v":"2017"},{"n":"2016","v":"2016"},{"n":"2015","v":"2015"},{"n":"2014","v":"2014"},{"n":"2013","v":"2013"},{"n":"2012","v":"2012"},{"n":"2011","v":"2011"}]}
    ]
    }
}